{
    "name": "scene",
    "animations": [
        {
            "type": "MESH",
            "name": "Cube",
            "last_frame": 30,
            "animedata": [
                {
                    "frame": 1,
                    "translation": [
                        -2.848395347595215,
                        -4.3395771980285645,
                        1.7111246585845947
                    ],
                    "rotation": [
                        0.49126654863357544,
                        -0.7132068872451782,
                        0.0,
                        0.0
                    ],
                    "scaling": [
                        0.5145430564880371,
                        0.5145430564880371,
                        0.5145431756973267
                    ]
                },
                {
                    "frame": 10,
                    "translation": [
                        2.09060001373291,
                        -2.172172784805298,
                        -3.895566463470459
                    ],
                    "rotation": [
                        -0.2645956575870514,
                        -0.5398199558258057,
                        0.0,
                        0.0
                    ],
                    "scaling": [
                        2.0281033515930176,
                        2.0281033515930176,
                        2.028103828430176
                    ]
                },
                {
                    "frame": 20,
                    "translation": [
                        -4.459820747375488,
                        5.252228736877441,
                        7.8034820556640625
                    ],
                    "rotation": [
                        -0.268174946308136,
                        0.06855171918869019,
                        0.0,
                        0.0
                    ],
                    "scaling": [
                        0.10109899193048477,
                        0.10109899193048477,
                        0.10109901428222656
                    ]
                },
                {
                    "frame": 30,
                    "translation": [
                        2.09060001373291,
                        -2.172172784805298,
                        -3.895566463470459
                    ],
                    "rotation": [
                        -0.2645956575870514,
                        -0.5398199558258057,
                        0.0,
                        0.0
                    ],
                    "scaling": [
                        2.0281033515930176,
                        2.0281033515930176,
                        2.028103828430176
                    ]
                }
            ]
        },
        {
            "type": "CAMERA",
            "name": "Camera",
            "last_frame": 74,
            "animedata": [
                {
                    "frame": 1,
                    "translation": [
                        2.6554768085479736,
                        4.10902738571167,
                        6.874184608459473
                    ],
                    "rotation": [
                        1.0,
                        0.0,
                        0.0,
                        0.0
                    ],
                    "scaling": [
                        1.0,
                        1.0,
                        1.0
                    ]
                },
                {
                    "frame": 74,
                    "translation": [
                        -3.906963348388672,
                        -3.547898292541504,
                        7.832972526550293
                    ],
                    "rotation": [
                        1.0,
                        0.0,
                        0.0,
                        0.0
                    ],
                    "scaling": [
                        1.0,
                        1.0,
                        1.0
                    ]
                }
            ]
        },
        {
            "type": "MESH",
            "name": "Sphere",
            "last_frame": 46,
            "animedata": [
                {
                    "frame": 0,
                    "translation": [
                        -5.188712120056152,
                        1.0203520059585571,
                        4.681896686553955
                    ],
                    "rotation": [
                        1.0,
                        0.0,
                        0.0,
                        0.0
                    ],
                    "scaling": [
                        3.229264974594116,
                        3.229264974594116,
                        3.229264974594116
                    ]
                },
                {
                    "frame": 46,
                    "translation": [
                        7.2529497146606445,
                        1.240290641784668,
                        -4.543999671936035
                    ],
                    "rotation": [
                        1.0,
                        0.0,
                        0.0,
                        0.0
                    ],
                    "scaling": [
                        0.8091070652008057,
                        0.8091070652008057,
                        0.8091070652008057
                    ]
                }
            ]
        }
    ]
}