{
    "name": "scene",
    "animations": [
        {
            "type": "MESH",
            "name": "Cube",
            "last_frame": 61,
            "animedata": [
                {
                    "frame": 1,
                    "translation": [
                        -2.848395347595215,
                        -4.3395771980285645,
                        1.7111246585845947
                    ],
                    "rotation": [
                        -102.85826391894489,
                        -14.142452237871355,
                        -58.95960676470826
                    ],
                    "scaling": [
                        0.5145430564880371,
                        0.5145430564880371,
                        0.5145431756973267
                    ]
                },
                {
                    "frame": 6,
                    "translation": [
                        -1.702876329421997,
                        -4.273433208465576,
                        0.4107445478439331
                    ],
                    "rotation": [
                        -80.41239766463957,
                        -22.890965776852948,
                        -99.41021367119319
                    ],
                    "scaling": [
                        10.034425735473633,
                        10.034425735473633,
                        10.034427642822266
                    ]
                },
                {
                    "frame": 17,
                    "translation": [
                        2.09060001373291,
                        -2.172172784805298,
                        -3.895566463470459
                    ],
                    "rotation": [
                        -6.081139826097201,
                        -51.86236402833718,
                        -271.60760864781287
                    ],
                    "scaling": [
                        2.0281033515930176,
                        2.0281033515930176,
                        2.028103828430176
                    ]
                },
                {
                    "frame": 21,
                    "translation": [
                        0.6117615103721619,
                        0.5447474122047424,
                        -1.254361629486084
                    ],
                    "rotation": [
                        -11.846994705012028,
                        -29.96232892645885,
                        -295.51488266750164
                    ],
                    "scaling": [
                        12.117542266845703,
                        12.117542266845703,
                        12.117546081542969
                    ]
                },
                {
                    "frame": 30,
                    "translation": [
                        -4.459820747375488,
                        5.252228736877441,
                        7.8034820556640625
                    ],
                    "rotation": [
                        -31.62062713995166,
                        45.14243801719053,
                        -307.38706284130444
                    ],
                    "scaling": [
                        0.10109899193048477,
                        0.10109899193048477,
                        0.10109901428222656
                    ]
                },
                {
                    "frame": 61,
                    "translation": [
                        -4.459820747375488,
                        5.252228736877441,
                        7.8034820556640625
                    ],
                    "rotation": [
                        -31.62062713995166,
                        45.14243801719053,
                        -307.38706284130444
                    ],
                    "scaling": [
                        -0.187770277261734,
                        -0.1877702921628952,
                        -0.18777036666870117
                    ]
                }
            ]
        },
        {
            "type": "CAMERA",
            "name": "Camera",
            "last_frame": 74,
            "animedata": [
                {
                    "frame": 1,
                    "translation": [
                        2.6554768085479736,
                        4.10902738571167,
                        6.874184608459473
                    ],
                    "rotation": [
                        60.766253271879165,
                        67.72327905477906,
                        -42.70384533253712
                    ],
                    "scaling": [
                        1.0,
                        1.0,
                        1.0
                    ]
                },
                {
                    "frame": 74,
                    "translation": [
                        -3.906963348388672,
                        -3.547898292541504,
                        7.832972526550293
                    ],
                    "rotation": [
                        3.0003390316201672,
                        27.395936572245333,
                        28.969557515502913
                    ],
                    "scaling": [
                        1.0,
                        1.0,
                        1.0
                    ]
                }
            ]
        },
        {
            "type": "MESH",
            "name": "Sphere",
            "last_frame": 46,
            "animedata": [
                {
                    "frame": 0,
                    "translation": [
                        -5.188712120056152,
                        1.0203520059585571,
                        4.681896686553955
                    ],
                    "rotation": [
                        -132.63137269973228,
                        49.12425388820037,
                        -149.2152359290633
                    ],
                    "scaling": [
                        3.229264974594116,
                        3.229264974594116,
                        3.229264974594116
                    ]
                },
                {
                    "frame": 46,
                    "translation": [
                        7.2529497146606445,
                        1.240290641784668,
                        -4.543999671936035
                    ],
                    "rotation": [
                        0.43614215633798736,
                        -18.39134643467527,
                        5.418782231335214
                    ],
                    "scaling": [
                        0.8091070652008057,
                        0.8091070652008057,
                        0.8091070652008057
                    ]
                }
            ]
        }
    ]
}