{
    "name": "scene",
    "objects": [
        {
            "type": "CURVE",
            "name": "BezierCurve",
            "transform": {
                "translation": [
                    0.0,
                    0.0,
                    0.0
                ],
                "rotation": [
                    -1.1914664506912231,
                    0.14207279682159424,
                    57.2832145690918
                ],
                "scaling": [
                    1.0,
                    1.0,
                    1.0
                ]
            }
        }
    ],
    "curves": [
        {
            "name": "BezierCurve",
            "curve": [
                {
                    "point": 0,
                    "HandlePointL": [
                        -39.585025787353516,
                        34.88328552246094,
                        1.9692473411560059
                    ],
                    "ControlPoint": [
                        -38.878395080566406,
                        34.88679504394531,
                        1.9949827194213867
                    ],
                    "HandlePointR": [
                        -38.1717643737793,
                        34.89030456542969,
                        2.0207180976867676
                    ]
                },
                {
                    "point": 1,
                    "HandlePointL": [
                        -31.418323516845703,
                        34.746826171875,
                        2.2749221324920654
                    ],
                    "ControlPoint": [
                        -28.908626556396484,
                        34.88653564453125,
                        2.3603909015655518
                    ],
                    "HandlePointR": [
                        -26.398927688598633,
                        35.0262451171875,
                        2.445859670639038
                    ]
                },
                {
                    "point": 2,
                    "HandlePointL": [
                        -18.232858657836914,
                        36.489559173583984,
                        2.735344648361206
                    ],
                    "ControlPoint": [
                        -15.645008087158203,
                        36.1061897277832,
                        2.789653778076172
                    ],
                    "HandlePointR": [
                        -13.05715560913086,
                        35.72282028198242,
                        2.8439629077911377
                    ]
                },
                {
                    "point": 3,
                    "HandlePointL": [
                        -8.00883674621582,
                        37.168331146240234,
                        3.020009994506836
                    ],
                    "ControlPoint": [
                        -6.189056396484375,
                        34.88597869873047,
                        3.193101167678833
                    ],
                    "HandlePointR": [
                        -4.36927604675293,
                        32.6036262512207,
                        3.36619234085083
                    ]
                },
                {
                    "point": 4,
                    "HandlePointL": [
                        -7.782571315765381,
                        27.801891326904297,
                        3.464933156967163
                    ],
                    "ControlPoint": [
                        -6.816524505615234,
                        25.046796798706055,
                        3.628772258758545
                    ],
                    "HandlePointR": [
                        -5.850476264953613,
                        22.291698455810547,
                        3.792611598968506
                    ]
                },
                {
                    "point": 5,
                    "HandlePointL": [
                        -10.797447204589844,
                        12.089077949523926,
                        4.168239593505859
                    ],
                    "ControlPoint": [
                        -8.88784122467041,
                        9.889788627624512,
                        4.427448749542236
                    ],
                    "HandlePointR": [
                        -6.978235244750977,
                        7.690499305725098,
                        4.686657905578613
                    ]
                },
                {
                    "point": 6,
                    "HandlePointL": [
                        -7.716126441955566,
                        1.9262263774871826,
                        5.090504169464111
                    ],
                    "ControlPoint": [
                        -5.493810653686523,
                        0.03328055143356323,
                        4.92103910446167
                    ],
                    "HandlePointR": [
                        -3.2714924812316895,
                        -1.8596673011779785,
                        4.7515740394592285
                    ]
                },
                {
                    "point": 7,
                    "HandlePointL": [
                        1.6337885856628418,
                        -1.3004159927368164,
                        5.166694641113281
                    ],
                    "ControlPoint": [
                        3.5953164100646973,
                        0.8680417537689209,
                        5.137499809265137
                    ],
                    "HandlePointR": [
                        5.556845188140869,
                        3.0365004539489746,
                        5.108304977416992
                    ]
                },
                {
                    "point": 8,
                    "HandlePointL": [
                        5.683879852294922,
                        4.7242350578308105,
                        5.034284591674805
                    ],
                    "ControlPoint": [
                        3.3761744499206543,
                        6.512239933013916,
                        4.866355895996094
                    ],
                    "HandlePointR": [
                        1.0684685707092285,
                        8.30024528503418,
                        4.698427200317383
                    ]
                },
                {
                    "point": 9,
                    "HandlePointL": [
                        -1.1738362312316895,
                        7.076375484466553,
                        4.548067092895508
                    ],
                    "ControlPoint": [
                        -3.179471015930176,
                        9.200911521911621,
                        4.427937984466553
                    ],
                    "HandlePointR": [
                        -5.185105323791504,
                        11.325447082519531,
                        4.307808876037598
                    ]
                },
                {
                    "point": 10,
                    "HandlePointL": [
                        -5.910058975219727,
                        14.425313949584961,
                        4.3137617111206055
                    ],
                    "ControlPoint": [
                        -5.453482151031494,
                        17.311134338378906,
                        4.194400310516357
                    ],
                    "HandlePointR": [
                        -4.996905326843262,
                        20.19695472717285,
                        4.075038909912109
                    ]
                },
                {
                    "point": 11,
                    "HandlePointL": [
                        -0.24596023559570312,
                        24.997798919677734,
                        4.007710933685303
                    ],