{
    "name": "scene",
    "objects": [
        {
            "type": "CURVE",
            "name": "BezierCurve",
            "transform": {
                "translation": [
                    0.0,
                    0.0,
                    0.0
                ],
                "rotation": [
                    -1.1914664506912231,
                    0.14207279682159424,
                    57.2832145690918
                ],
                "scaling": [
                    1.0,
                    1.0,
                    1.0
                ]
            }
        }
    ],
    "curves": [
        {
            "name": "BezierCurve",
            "curve": [
                {
                    "point": 0,
                    "HandlePointL": [
                        -39.585025787353516,
                        34.88328552246094,
                        1.9692473411560059
                    ],
                    "ControlPoint": [
                        -38.878395080566406,
                        34.88679504394531,
                        1.9949827194213867
                    ],
                    "HandlePointR": [
                        -38.1717643737793,
                        34.89030456542969,
                        2.0207180976867676
                    ]
                },
                {
                    "point": 1,
                    "HandlePointL": [
                        -31.418323516845703,
                        34.746826171875,
                        2.2749221324920654
                    ],
                    "ControlPoint": [
                        -28.908626556396484,
                        34.88653564453125,
                        2.3603909015655518
                    ],
                    "HandlePointR": [
                        -26.398927688598633,
                        35.0262451171875,
                        2.445859670639038
                    ]
                },
                {
                    "point": 2,
                    "HandlePointL": [
                        -18.250059127807617,
                        35.88515090942383,
                        2.681306838989258
                    ],
                    "ControlPoint": [
                        -15.645008087158203,
                        36.1061897277832,
                        2.789653778076172
                    ],
                    "HandlePointR": [
                        -13.03995418548584,
                        36.32722854614258,
                        2.898000717163086
                    ]
                },
                {
                    "point": 3,
                    "HandlePointL": [
                        -8.00883674621582,
                        37.168331146240234,
                        3.020009994506836
                    ],
                    "ControlPoint": [
                        -6.189056396484375,
                        34.88597869873047,
                        3.193101167678833
                    ],
                    "HandlePointR": [
                        -4.36927604675293,
                        32.6036262512207,
                        3.36619234085083
                    ]
                },
                {
                    "point": 4,
                    "HandlePointL": [
                        -5.507379531860352,
                        27.660377502441406,
                        3.551517963409424
                    ],
                    "ControlPoint": [
                        -6.816524505615234,
                        25.046796798706055,
                        3.628772258758545
                    ],
                    "HandlePointR": [
                        -8.12567138671875,
                        22.433212280273438,
                        3.706026554107666
                    ]
                },
                {
                    "point": 5,
                    "HandlePointL": [
                        -8.902639389038086,
                        11.63027286529541,
                        4.201350212097168
                    ],
                    "ControlPoint": [
                        -8.599778175354004,
                        8.724448204040527,
                        4.324305534362793
                    ],
                    "HandlePointR": [
                        -8.296916961669922,
                        5.8186235427856445,
                        4.447260856628418
                    ]
                },
                {
                    "point": 6,
                    "HandlePointL": [
                        -7.855647087097168,
                        2.4412765502929688,
                        5.024593353271484
                    ],
                    "ControlPoint": [
                        -5.4329023361206055,
                        0.8050757050514221,
                        4.962860584259033
                    ],
                    "HandlePointR": [
                        -3.010157585144043,
                        -0.8311251997947693,
                        4.901127815246582
                    ]
                },
                {
                    "point": 7,
                    "HandlePointL": [
                        1.5279266834259033,
                        -1.9286867380142212,
                        5.121398448944092
                    ],
                    "ControlPoint": [
                        1.941853642463684,
                        0.9656347036361694,
                        5.074233531951904
                    ],
                    "HandlePointR": [
                        2.355780601501465,
                        3.8599562644958496,
                        5.027068614959717
                    ]
                },
                {
                    "point": 8,
                    "HandlePointL": [
                        0.8626282215118408,
                        3.6238648891448975,
                        4.759796619415283
                    ],
                    "ControlPoint": [
                        -1.2926177978515625,
                        5.594445705413818,
                        4.610154628753662
                    ],
                    "HandlePointR": [
                        -3.4478635787963867,
                        7.56502628326416,
                        4.460512638092041
                    ]
                },
                {
                    "point": 9,
                    "HandlePointL": [
                        -5.749870300292969,
                        9.718504905700684,
                        4.559628963470459
                    ],
                    "ControlPoint": [
                        -5.382577896118164,
                        12.619446754455566,
                        4.576657772064209
                    ],
                    "HandlePointR": [
                        -5.015285491943359,
                        15.52038860321045,
                        4.593686580657959
                    ]
                },
                {
                    "point": 10,
                    "HandlePointL": [
                        -4.30012321472168,
                        19.133459091186523,
                        4.649868011474609
                    ],
                    "ControlPoint": [
                        -2.35223126411438,
                        21.31195640563965,
                        4.547220230102539
                    ],
                    "HandlePointR": [
                        -0.4043393135070801,
                        23.490453720092773,
                        4.444572448730469
                    ]
                },
                {
                    "point": 11,
                    "HandlePointL": [
                        5.391129970550537,
                        25.572294235229492,
                        4.249824047088623
                    ],