{
    "name": "scene",
    "objects": [
        {
            "type": "CURVE",
            "name": "BezierCurve",
            "transform": {
                "translation": [
                    0.0,
                    0.0,
                    0.0
                ],
                "rotation": [
                    0.0,
                    -0.0,
                    0.0
                ],
                "scaling": [
                    1.0,
                    1.0,
                    1.0
                ]
            }
        }
    ],
    "curves": [
        {
            "name": "BezierCurve",
            "curve": [
                {
                    "point": 0,
                    "HandlePointL": [
                        -4.629467487335205,
                        2.4725089073181152,
                        6.350293159484863
                    ],
                    "ControlPoint": [
                        -4.0555572509765625,
                        2.479067802429199,
                        6.230918884277344
                    ],
                    "HandlePointR": [
                        -3.4816479682922363,
                        2.485626697540283,
                        6.111544609069824
                    ]
                },
                {
                    "point": 1,
                    "HandlePointL": [
                        -2.293743848800659,
                        2.206941604614258,
                        6.341473579406738
                    ],
                    "ControlPoint": [
                        -1.7915292978286743,
                        1.9320088624954224,
                        6.215542793273926
                    ],
                    "HandlePointR": [
                        -1.2893153429031372,
                        1.6570764780044556,
                        6.089612007141113
                    ]
                },
                {
                    "point": 2,
                    "HandlePointL": [
                        -0.17139244079589844,
                        1.0051625967025757,
                        6.192829608917236
                    ],
                    "ControlPoint": [
                        0.42335033416748047,
                        0.42772525548934937,
                        6.179475784301758
                    ],
                    "HandlePointR": [
                        1.0180931091308594,
                        -0.14971208572387695,
                        6.166121959686279
                    ]
                },
                {
                    "point": 3,
                    "HandlePointL": [
                        1.324625015258789,
                        -0.8426695466041565,
                        6.147594451904297
                    ],
                    "ControlPoint": [
                        0.8288669586181641,
                        -1.5070143938064575,
                        6.133388519287109
                    ],
                    "HandlePointR": [
                        0.3331097364425659,
                        -2.171358108520508,
                        6.119182586669922
                    ]
                },
                {
                    "point": 4,
                    "HandlePointL": [
                        -0.9464061260223389,
                        -2.516399383544922,
                        6.110167980194092
                    ],
                    "ControlPoint": [
                        -2.327662706375122,
                        -2.4774770736694336,
                        6.114115238189697
                    ],
                    "HandlePointR": [
                        -3.708918571472168,
                        -2.4385547637939453,
                        6.118062496185303
                    ]
                },
                {
                    "point": 5,
                    "HandlePointL": [
                        -4.663063049316406,
                        -1.9786783456802368,
                        6.127293586730957
                    ],
                    "ControlPoint": [
                        -5.211126327514648,
                        -1.356829285621643,
                        6.143461227416992
                    ],
                    "HandlePointR": [
                        -5.759189605712891,
                        -0.7349801659584045,
                        6.159628868103027
                    ]
                }
            ]
        }
    ]
}