{
    "name": "scene",
    "objects": [
        {
            "type": "CURVE",
            "name": "BezierCurve",
            "transform": {
                "translation": [
                    0.0,
                    0.0,
                    0.0
                ],
                "rotation": [
                    0.0,
                    0.0,
                    0.0
                ],
                "scaling": [
                    1.0,
                    1.0,
                    1.0
                ]
            }
        }
    ],
    "curves": [
        {
            "name": "BezierCurve",
            "curve": [
                {
                    "point": 0,
                    "HandlePointL": [
                        -39.48719787597656,
                        34.68547821044922,
                        5.037346363067627
                    ],
                    "ControlPoint": [
                        -38.78009796142578,
                        34.688995361328125,
                        5.037346363067627
                    ],
                    "HandlePointR": [
                        -38.072998046875,
                        34.69251251220703,
                        5.037346363067627
                    ]
                },
                {
                    "point": 1,
                    "HandlePointL": [
                        -31.314777374267578,
                        34.549068450927734,
                        5.037346363067627
                    ],
                    "ControlPoint": [
                        -28.80363655090332,
                        34.688995361328125,
                        5.037346363067627
                    ],
                    "HandlePointR": [
                        -26.292495727539062,
                        34.828922271728516,
                        5.037346363067627
                    ]
                },
                {
                    "point": 2,
                    "HandlePointL": [
                        -18.14985466003418,
                        35.897281646728516,
                        5.037346363067627
                    ],
                    "ControlPoint": [
                        -15.53322696685791,
                        35.91029739379883,
                        5.037346363067627
                    ],
                    "HandlePointR": [
                        -12.91659927368164,
                        35.92331314086914,
                        5.037346363067627
                    ]
                },
                {
                    "point": 3,
                    "HandlePointL": [
                        -7.893768310546875,
                        36.97377014160156,
                        5.037346363067627
                    ],
                    "ControlPoint": [
                        -6.068813323974609,
                        34.688995361328125,
                        5.037346363067627
                    ],
                    "HandlePointR": [
                        -4.243858337402344,
                        32.40422058105469,
                        5.037346363067627
                    ]
                },
                {
                    "point": 4,
                    "HandlePointL": [
                        -7.651126384735107,
                        27.597187042236328,
                        5.037346363067627
                    ],
                    "ControlPoint": [
                        -6.679657936096191,
                        24.839126586914062,
                        5.037346363067627
                    ],
                    "HandlePointR": [
                        -5.708189010620117,
                        22.081064224243164,
                        5.037346363067627
                    ]
                },
                {
                    "point": 5,
                    "HandlePointL": [
                        -9.47573184967041,
                        11.232032775878906,
                        5.037346363067627
                    ],
                    "ControlPoint": [
                        -8.435835838317871,
                        8.499034881591797,
                        5.037346363067627
                    ],
                    "HandlePointR": [
                        -7.395939826965332,
                        5.7660369873046875,
                        5.037346363067627
                    ]
                },
                {
                    "point": 6,
                    "HandlePointL": [
                        -4.769525051116943,
                        -1.3420203924179077,
                        5.037346363067627
                    ],
                    "ControlPoint": [
                        -1.8692574501037598,
                        -0.9690557718276978,
                        5.037346363067627
                    ],
                    "HandlePointR": [
                        1.0310101509094238,
                        -0.5960911512374878,
                        5.037346363067627
                    ]
                },
                {
                    "point": 7,
                    "HandlePointL": [
                        1.8219653367996216,
                        -1.5364468097686768,
                        5.037346363067627
                    ],
                    "ControlPoint": [
                        3.7810544967651367,
                        0.634411096572876,
                        5.037346363067627
                    ],
                    "HandlePointR": [
                        5.740143775939941,
                        2.805269241333008,
                        5.037346363067627
                    ]
                },
                {
                    "point": 8,
                    "HandlePointL": [
                        5.864339828491211,
                        4.494839191436768,
                        5.037346363067627
                    ],
                    "ControlPoint": [
                        3.551987886428833,
                        6.284723281860352,
                        5.037346363067627
                    ],
                    "HandlePointR": [
                        1.2396352291107178,
                        8.074607849121094,
                        5.037346363067627
                    ]
                },
                {
                    "point": 9,
                    "HandlePointL": [
                        0.13767218589782715,
                        7.625418186187744,
                        5.037346363067627
                    ],
                    "ControlPoint": [
                        -2.1746795177459717,
                        9.415302276611328,
                        5.037346363067627
                    ],
                    "HandlePointR": [
                        -4.487031936645508,
                        11.20518684387207,
                        5.037346363067627
                    ]
                },
                {
                    "point": 10,
                    "HandlePointL": [
                        -5.853405952453613,
                        13.144177436828613,
                        5.037346363067627
                    ],
                    "ControlPoint": [
                        -5.610680103302002,
                        16.058237075805664,
                        5.037346363067627
                    ],
                    "HandlePointR": [
                        -5.367954254150391,
                        18.97229766845703,
                        5.037346363067627
                    ]
                },
                {
                    "point": 11,
                    "HandlePointL": [
                        -0.13485455513000488,
                        23.86540985107422,
                        5.037346363067627
                    ],