{
    "name": "scene",
    "animations": [
        {
            "type": "CAMERA",
            "name": "Camera",
            "last_frame": 100,
            "animedata": [
                {
                    "frame": 0,
                    "translation": [
                        1.981260061264038,
                        -2.396439552307129,
                        0.8146474361419678
                    ],
                    "rotation": [
                        0.6643353700637817,
                        0.6642608642578125,
                        0.24217596650123596,
                        0.24220311641693115
                    ],
                    "scaling": [
                        1.4128342866897583,
                        1.4128341674804688,
                        1.4128342866897583
                    ]
                },
                {
                    "frame": 20,
                    "translation": [
                        0.7487503290176392,
                        -1.864990472793579,
                        0.9992742538452148
                    ],
                    "rotation": [
                        0.6932355165481567,
                        0.6931577324867249,
                        0.1393701136112213,
                        0.13938573002815247
                    ],
                    "scaling": [
                        1.4128299951553345,
                        1.4128299951553345,
                        1.4128299951553345
                    ]
                },
                {
                    "frame": 25,
                    "translation": [
                        0.7261354327201843,
                        -2.238135576248169,
                        0.9992742538452148
                    ],
                    "rotation": [
                        0.6971561908721924,
                        0.6970779299736023,
                        0.11821180582046509,
                        0.11822505295276642
                    ],
                    "scaling": [
                        1.4128299951553345,
                        1.4128299951553345,
                        1.4128299951553345
                    ]
                },
                {
                    "frame": 30,
                    "translation": [
                        0.19468635320663452,
                        -2.294672727584839,
                        0.9992742538452148
                    ],
                    "rotation": [
                        0.7064341902732849,
                        0.7063549160957336,
                        0.03089451789855957,
                        0.030897967517375946
                    ],
                    "scaling": [
                        2.893402338027954,
                        2.893402338027954,
                        2.893402338027954
                    ]
                },
                {
                    "frame": 40,
                    "translation": [
                        0.17207150161266327,
                        -2.294672727584839,
                        0.9992742538452148
                    ],
                    "rotation": [
                        0.7064341902732849,
                        0.7063549160957336,
                        0.03089451789855957,
                        0.030897967517375946
                    ],
                    "scaling": [
                        2.893402338027954,
                        2.893402338027954,
                        2.893402338027954
                    ]
                },
                {
                    "frame": 42,
                    "translation": [
                        0.07030464708805084,
                        -3.651564121246338,
                        0.9992742538452148
                    ],
                    "rotation": [
                        0.7706927061080933,
                        0.6370567679405212,
                        0.007215363904833794,
                        0.005965585354715586
                    ],
                    "scaling": [
                        2.893402338027954,
                        2.893402338027954,
                        2.893402338027954
                    ]
                },
                {
                    "frame": 44,
                    "translation": [
                        0.07030464708805084,
                        -1.8649905920028687,
                        0.9992742538452148
                    ],
                    "rotation": [
                        0.7023181319236755,
                        0.711728572845459,
                        0.006575092673301697,
                        0.006664669141173363
                    ],
                    "scaling": [
                        2.893402338027954,
                        2.893402338027954,
                        2.893402338027954
                    ]
                },
                {
                    "frame": 50,
                    "translation": [
                        0.07030464708805084,
                        -2.4190545082092285,
                        0.9992742538452148
                    ],
                    "rotation": [
                        0.7451140880584717,
                        0.6667932271957397,
                        0.006975839380174875,
                        0.0062439823523163795
                    ],
                    "scaling": [
                        2.893402338027954,
                        2.893402338027954,
                        2.893402338027954
                    ]
                },
                {
                    "frame": 60,
                    "translation": [
                        0.07030464708805084,
                        -1.503152847290039,
                        1.0857062339782715
                    ],
                    "rotation": [
                        0.7070786356925964,
                        0.7069993019104004,
                        0.006619670428335667,
                        0.006620393600314856
                    ],
                    "scaling": [
                        2.893402338027954,
                        2.893402338027954,
                        2.893402338027954
                    ]
                },
                {
                    "frame": 81,
                    "translation": [
                        -0.08799934387207031,
                        -1.5144603252410889,
                        1.0857062339782715
                    ],
                    "rotation": [
                        0.7070527672767639,
                        0.7069734334945679,
                        -0.00896839052438736,
                        -0.008969416841864586
                    ],
                    "scaling": [
                        2.893402338027954,
                        2.893402338027954,
                        2.893402338027954
                    ]
                },
                {
                    "frame": 100,
                    "translation": [
                        -0.06538449227809906,
                        -0.7116329669952393,
                        1.2007783651351929
                    ],
                    "rotation": [
                        0.7070527672767639,
                        0.7069734334945679,
                        -0.00896839052438736,
                        -0.008969416841864586
                    ],
                    "scaling": [
                        2.893402338027954,
                        2.893402338027954,
                        2.893402338027954
                    ]
                }
            ]
        }
    ]
}