{
    "name": "scene",
    "objects": [
        {
            "type": "CURVE",
            "name": "BezierCurve",
            "transform": {
                "translation": [
                    0.0,
                    0.0,
                    0.0
                ],
                "rotation": [
                    0.0,
                    0.0,
                    0.0
                ],
                "scaling": [
                    1.0,
                    1.0,
                    1.0
                ]
            }
        }
    ],
    "curves": [
        {
            "name": "BezierCurve",
            "curve": [
                {
                    "point": 0,
                    "HandlePointL": [
                        76.1018295288086,
                        -78.903564453125,
                        -14.26510238647461
                    ],
                    "ControlPoint": [
                        67.65425109863281,
                        -70.34030151367188,
                        -14.26510238647461
                    ],
                    "HandlePointR": [
                        59.20667266845703,
                        -61.77703857421875,
                        -14.26510238647461
                    ]
                },
                {
                    "point": 1,
                    "HandlePointL": [
                        54.06927490234375,
                        -51.81951141357422,
                        21.358226776123047
                    ],
                    "ControlPoint": [
                        45.621707916259766,
                        -43.25624084472656,
                        21.358226776123047
                    ],
                    "HandlePointR": [
                        37.17412567138672,
                        -34.692955017089844,
                        21.358226776123047
                    ]
                },
                {
                    "point": 2,
                    "HandlePointL": [
                        72.96351623535156,
                        -6.301031112670898,
                        -8.01632308959961
                    ],
                    "ControlPoint": [
                        64.51594543457031,
                        2.262239456176758,
                        -8.01632308959961
                    ],
                    "HandlePointR": [
                        56.06837463378906,
                        10.825511932373047,
                        -8.01632308959961
                    ]
                },
                {
                    "point": 3,
                    "HandlePointL": [
                        64.40704345703125,
                        -13.748519897460938,
                        17.170225143432617
                    ],
                    "ControlPoint": [
                        64.52275848388672,
                        3.2623214721679688,
                        17.170225143432617
                    ],
                    "HandlePointR": [
                        64.63847351074219,
                        20.273168563842773,
                        17.170225143432617
                    ]
                },
                {
                    "point": 4,
                    "HandlePointL": [
                        49.358097076416016,
                        -23.951845169067383,
                        53.00259780883789
                    ],
                    "ControlPoint": [
                        49.47380447387695,
                        -6.940998077392578,
                        53.00259780883789
                    ],
                    "HandlePointR": [
                        49.58951187133789,
                        10.069841384887695,
                        53.00259780883789
                    ]
                },
                {
                    "point": 5,
                    "HandlePointL": [
                        -20.18755531311035,
                        50.037696838378906,
                        52.368751525878906
                    ],
                    "ControlPoint": [
                        -20.28837013244629,
                        35.21562576293945,
                        60.71613311767578
                    ],
                    "HandlePointR": [
                        -20.389184951782227,
                        20.393569946289062,
                        69.06350708007812
                    ]
                },
                {
                    "point": 6,
                    "HandlePointL": [
                        -20.78508186340332,
                        -37.810977935791016,
                        46.45830154418945
                    ],
                    "ControlPoint": [
                        -20.885896682739258,
                        -52.633033752441406,
                        54.805686950683594
                    ],
                    "HandlePointR": [
                        -20.986711502075195,
                        -67.4551010131836,
                        63.153079986572266
                    ]
                },
                {
                    "point": 7,
                    "HandlePointL": [
                        -20.583091735839844,
                        -8.115665435791016,
                        98.18684387207031
                    ],
                    "ControlPoint": [
                        -20.5387020111084,
                        -1.5894699096679688,
                        82.47731018066406
                    ],
                    "HandlePointR": [
                        -20.494312286376953,
                        4.9367170333862305,
                        66.7677993774414
                    ]
                },
                {
                    "point": 8,
                    "HandlePointL": [
                        -20.303020477294922,
                        33.060691833496094,
                        29.815107345581055
                    ],
                    "ControlPoint": [
                        -20.181509017944336,
                        50.927452087402344,
                        -13.192831039428711
                    ],
                    "HandlePointR": [
                        -20.05999755859375,
                        68.79419708251953,
                        -56.20072937011719
                    ]
                },
                {
                    "point": 9,
                    "HandlePointL": [
                        -19.265727996826172,
                        185.56561279296875,
                        -36.868072509765625
                    ],
                    "ControlPoint": [
                        -19.286054611206055,
                        182.57901000976562,
                        9.607690811157227
                    ],
                    "HandlePointR": [
                        -19.306381225585938,
                        179.5924072265625,
                        56.08343505859375
                    ]
                },
                {
                    "point": 10,
                    "HandlePointL": [
                        -20.30652618408203,
                        32.545440673828125,
                        8.00859260559082
                    ],
                    "ControlPoint": [
                        -20.313949584960938,
                        31.454517364501953,
                        24.984811782836914
                    ],
                    "HandlePointR": [
                        -20.321372985839844,
                        30.36359405517578,
                        41.961021423339844
                    ]
                },
                {
                    "point": 11,
                    "HandlePointL": [
                        -19.934476852416992,
                        87.24295806884766,
                        74.46168518066406
                    ],