{
    "name": "scene",
    "objects": [
        {
            "type": "CURVE",
            "name": "BezierCurve",
            "transform": {
                "translation": [
                    0.0,
                    0.0,
                    0.0
                ],
                "rotation": [
                    0.0,
                    0.0,
                    0.0
                ],
                "scaling": [
                    1.0,
                    1.0,
                    1.0
                ]
            }
        }
    ],
    "curves": [
        {
            "name": "BezierCurve",
            "curve": [
                {
                    "point": 0,
                    "ControlPoint": [
                        -5.266561031341553,
                        -0.2135087251663208,
                        -0.3673316240310669
                    ],
                    "HandlePointL": [
                        -5.766561031341553,
                        -0.7135087251663208,
                        -0.3673316240310669
                    ],
                    "HandlePointR": [
                        -4.766561031341553,
                        0.2864912748336792,
                        -0.3673316240310669
                    ]
                },
                {
                    "point": 1,
                    "ControlPoint": [
                        -3.683279037475586,
                        1.092465877532959,
                        1.7267729043960571
                    ],
                    "HandlePointL": [
                        -4.183279037475586,
                        0.592465877532959,
                        1.7267729043960571
                    ],
                    "HandlePointR": [
                        -3.183279037475586,
                        1.592465877532959,
                        1.7267729043960571
                    ]
                },
                {
                    "point": 2,
                    "ControlPoint": [
                        -1.0,
                        0.0,
                        0.0
                    ],
                    "HandlePointL": [
                        -1.5,
                        -0.5,
                        0.0
                    ],
                    "HandlePointR": [
                        -0.5,
                        0.5,
                        0.0
                    ]
                },
                {
                    "point": 3,
                    "ControlPoint": [
                        1.0,
                        0.0,
                        0.0
                    ],
                    "HandlePointL": [
                        0.0,
                        0.0,
                        0.0
                    ],
                    "HandlePointR": [
                        2.0,
                        0.0,
                        0.0
                    ]
                },
                {
                    "point": 4,
                    "ControlPoint": [
                        2.631523847579956,
                        0.880547821521759,
                        1.4154555797576904
                    ],
                    "HandlePointL": [
                        1.631523847579956,
                        0.880547821521759,
                        1.4154555797576904
                    ],
                    "HandlePointR": [
                        3.631523847579956,
                        0.880547821521759,
                        1.4154555797576904
                    ]
                },
                {
                    "point": 5,
                    "ControlPoint": [
                        4.702549934387207,
                        -0.049065470695495605,
                        -0.05523204803466797
                    ],
                    "HandlePointL": [
                        3.702550172805786,
                        -0.049065470695495605,
                        -0.05523204803466797
                    ],
                    "HandlePointR": [
                        5.702549934387207,
                        -0.049065470695495605,
                        -0.05523204803466797
                    ]
                }
            ]
        }
    ]
}