{
    "name": "scene",
    "objects": [
        {
            "type": "CURVE",
            "name": "BezierCurve",
            "transform": {
                "translation": [
                    0.0,
                    0.0,
                    0.0
                ],
                "rotation": [
                    0.0,
                    0.0,
                    0.0
                ],
                "scaling": [
                    1.0,
                    1.0,
                    1.0
                ]
            }
        }
    ],
    "curves": [
        {
            "name": "BezierCurve",
            "curve": [
                {
                    "point": 0,
                    "HandlePointL": [
                        40.30986022949219,
                        12.755620956420898,
                        30.545082092285156
                    ],
                    "ControlPoint": [
                        40.80986022949219,
                        13.255620956420898,
                        30.545082092285156
                    ],
                    "HandlePointR": [
                        41.30986022949219,
                        13.755620956420898,
                        30.545082092285156
                    ]
                },
                {
                    "point": 1,
                    "HandlePointL": [
                        41.89314270019531,
                        14.061595916748047,
                        32.63918685913086
                    ],
                    "ControlPoint": [
                        42.39314270019531,
                        14.561595916748047,
                        32.63918685913086
                    ],
                    "HandlePointR": [
                        42.89314270019531,
                        15.061595916748047,
                        32.63918685913086
                    ]
                },
                {
                    "point": 2,
                    "HandlePointL": [
                        44.57642364501953,
                        12.96912956237793,
                        30.91241455078125
                    ],
                    "ControlPoint": [
                        45.07642364501953,
                        13.46912956237793,
                        30.91241455078125
                    ],
                    "HandlePointR": [
                        45.57642364501953,
                        13.96912956237793,
                        30.91241455078125
                    ]
                },
                {
                    "point": 3,
                    "HandlePointL": [
                        46.07642364501953,
                        13.46912956237793,
                        30.91241455078125
                    ],
                    "ControlPoint": [
                        47.07642364501953,
                        13.46912956237793,
                        30.91241455078125
                    ],
                    "HandlePointR": [
                        48.07642364501953,
                        13.46912956237793,
                        30.91241455078125
                    ]
                },
                {
                    "point": 4,
                    "HandlePointL": [
                        47.70794677734375,
                        14.349677085876465,
                        32.3278694152832
                    ],
                    "ControlPoint": [
                        48.70794677734375,
                        14.349677085876465,
                        32.3278694152832
                    ],
                    "HandlePointR": [
                        49.70794677734375,
                        14.349677085876465,
                        32.3278694152832
                    ]
                },
                {
                    "point": 5,
                    "HandlePointL": [
                        53.41807556152344,
                        18.467384338378906,
                        31.74687385559082
                    ],
                    "ControlPoint": [
                        54.41807556152344,
                        18.467384338378906,
                        31.74687385559082
                    ],
                    "HandlePointR": [
                        55.41807556152344,
                        18.467384338378906,
                        31.74687385559082
                    ]
                }
            ]
        }
    ]
}